<?xml version="1.0" encoding="UTF-8"?>
<services xmlns="http://www.demandware.com/xml/impex/services/2014-09-26">
    <service-credential service-credential-id="cat.fact.credentials">
        <url>https://catfact.ninja/fact</url>
        <user-id/>
        <password masked="true">********</password>
    </service-credential>

    <service-credential service-credential-id="twilio.credentials">
        <url>https://api.twilio.com/2010-04-01/Accounts/AC62a13fb036485dff49d929f71a129c20/Messages.json</url>
        <user-id>AC62a13fb036485dff49d929f71a129c20</user-id>
        <password masked="true">********</password>
    </service-credential>

    <service-profile service-profile-id="cat.fact.profile">
        <timeout-millis>2000</timeout-millis>
        <rate-limit-enabled>false</rate-limit-enabled>
        <rate-limit-calls>0</rate-limit-calls>
        <rate-limit-millis>0</rate-limit-millis>
        <cb-enabled>true</cb-enabled>
        <cb-calls>0</cb-calls>
        <cb-millis>0</cb-millis>
    </service-profile>

    <service-profile service-profile-id="twilio.profile">
        <timeout-millis>5000</timeout-millis>
        <rate-limit-enabled>false</rate-limit-enabled>
        <rate-limit-calls>0</rate-limit-calls>
        <rate-limit-millis>0</rate-limit-millis>
        <cb-enabled>true</cb-enabled>
        <cb-calls>0</cb-calls>
        <cb-millis>0</cb-millis>
    </service-profile>

    <service service-id="http.catfact.getcatfact">
        <service-type>HTTP</service-type>
        <enabled>true</enabled>
        <log-prefix/>
        <comm-log-enabled>false</comm-log-enabled>
        <force-prd-enabled>false</force-prd-enabled>
        <mock-mode-enabled>false</mock-mode-enabled>
        <profile-id>cat.fact.profile</profile-id>
        <credential-id>cat.fact.credentials</credential-id>
    </service>

    <service service-id="plugin_backinstock.twilio.subscribe">
        <service-type>HTTPForm</service-type>
        <enabled>true</enabled>
        <log-prefix/>
        <comm-log-enabled>false</comm-log-enabled>
        <force-prd-enabled>true</force-prd-enabled>
        <mock-mode-enabled>false</mock-mode-enabled>
        <profile-id>twilio.profile</profile-id>
        <credential-id>twilio.credentials</credential-id>
    </service>

</services>
