<?xml version="1.0" encoding="UTF-8"?>
<users xmlns="http://www.demandware.com/xml/impex/user/2007-09-05">
    <user login="valeri.getsov.u12@learn.telerikacademy.com" enabled-flag="true">
        <credentials>
            <external-id>037a9073-33b5-4a85-8954-7b65ad88a5a1</external-id>
        </credentials>
        <profile>
            <first-name>Valeri</first-name>
            <last-name>Getsov</last-name>
            <email>valeri.getsov.u12@learn.telerikacademy.com</email>
        </profile>
    </user>

</users>
